Week,Afghanistan,Albania,Algeria,Andorra,Angola,Anguilla,Antigua and Barbuda,Argentina,Armenia,Aruba,Australia,Austria,Azerbaijan,Bahamas,Bahrain,Bangladesh,Barbados,Belarus,Belgium,Belize,Benin,Bermuda,Bhutan,Bolivia,"Bonaire, Saint Eustatius and Saba",Bosnia and Herzegovina,Botswana,Brazil,British Virgin Islands,Brunei Darussalam,Bulgaria,Burkina Faso,Burundi,Cambodia,Cameroon,Canada,Cape Verde,Cases on an international conveyance Japan,Cayman Islands,Central African Republic,Chad,Chile,China,Colombia,Comoros,Congo,Costa Rica,Cote dIvoire,Croatia,Cuba,CuraÃ§ao,Cyprus,Czechia,Democratic Republic of the Congo,Denmark,Djibouti,Dominica,Dominican Republic,Ecuador,Egypt,El Salvador,Equatorial Guinea,Eritrea,Estonia,Eswatini,Ethiopia,Falkland Islands (Malvinas),Faroe Islands,Fiji,Finland,France,French Polynesia,Gabon,Gambia,Georgia,Germany,Ghana,Gibraltar,Greece,Greenland,Grenada,Guam,Guatemala,Guernsey,Guinea,Guinea Bissau,Guyana,Haiti,Holy See,Honduras,Hungary,Iceland,India,Indonesia,Iran,Iraq,Ireland,Isle of Man,Israel,Italy,Jamaica,Japan,Jersey,Jordan,Kazakhstan,Kenya,Kosovo,Kuwait,Kyrgyzstan,Laos,Latvia,Lebanon,Lesotho,Liberia,Libya,Liechtenstein,Lithuania,Luxembourg,Madagascar,Malawi,Malaysia,Maldives,Mali,Malta,Marshall Islands,Mauritania,Mauritius,Mexico,Moldova,Monaco,Mongolia,Montenegro,Montserrat,Morocco,Mozambique,Myanmar,Namibia,Nepal,Netherlands,New Caledonia,New Zealand,Nicaragua,Niger,Nigeria,North Macedonia,Northern Mariana Islands,Norway,Oman,Pakistan,Palestine,Panama,Papua New Guinea,Paraguay,Peru,Philippines,Poland,Portugal,Puerto Rico,Qatar,Romania,Russia,Rwanda,Saint Kitts and Nevis,Saint Lucia,Saint Vincent and the Grenadines,San Marino,Sao Tome and Principe,Saudi Arabia,Senegal,Serbia,Seychelles,Sierra Leone,Singapore,Sint Maarten,Slovakia,Slovenia,Solomon Islands,Somalia,South Africa,South Korea,South Sudan,Spain,Sri Lanka,Sudan,Suriname,Sweden,Switzerland,Syria,Taiwan,Tajikistan,Thailand,Timor Leste,Togo,Trinidad and Tobago,Tunisia,Turkey,Turks and Caicos islands,Uganda,Ukraine,United Arab Emirates,United Kingdom,United Republic of Tanzania,United States of America,United States Virgin Islands,Uruguay,Uzbekistan,Vanuatu,Venezuela,Vietnam,Wallis and Futuna,Western Sahara,Yemen,Zambia,Zimbabwe
1,0,0,0,0,0,0,0,0,0,0,0,0,0,0,0,0,0,0,0,0,0,0,0,0,0,0,0,0,0,0,0,0,0,0,0,0,0,0,0,0,0,0,59,0,0,0,0,0,0,0,0,0,0,0,0,0,0,0,0,0,0,0,0,0,0,0,0,0,0,0,0,0,0,0,0,0,0,0,0,0,0,0,0,0,0,0,0,0,0,0,0,0,0,0,0,0,0,0,0,0,0,0,0,0,0,0,0,0,0,0,0,0,0,0,0,0,0,0,0,0,0,0,0,0,0,0,0,0,0,0,0,0,0,0,0,0,0,0,0,0,0,0,0,0,0,0,0,0,0,0,0,0,0,0,0,0,0,0,0,0,0,0,0,0,0,0,0,0,0,0,0,0,0,0,0,0,0,0,0,0,0,0,0,0,0,0,0,0,0,0,0,0,0,0,0,0,0,0,0,0,0,0,0,0,0,0,0,0,0,0,0,0,0,0
2,0,0,0,0,0,0,0,0,0,0,0,0,0,0,0,0,0,0,0,0,0,0,0,0,0,0,0,0,0,0,0,0,0,0,0,0,0,0,0,0,0,0,0,0,0,0,0,0,0,0,0,0,0,0,0,0,0,0,0,0,0,0,0,0,0,0,0,0,0,0,0,0,0,0,0,0,0,0,0,0,0,0,0,0,0,0,0,0,0,0,0,0,0,0,0,0,0,0,0,0,0,0,0,0,0,0,0,0,0,0,0,0,0,0,0,0,0,0,0,0,0,0,0,0,0,0,0,0,0,0,0,0,0,0,0,0,0,0,0,0,0,0,0,0,0,0,0,0,0,0,0,0,0,0,0,0,0,0,0,0,0,0,0,0,0,0,0,0,0,0,0,0,0,0,0,0,0,0,0,0,0,0,0,0,0,0,0,0,0,0,1,0,0,0,0,0,0,0,0,0,0,0,0,0,0,0,0,0,0,0,0,0,0,0
3,0,0,0,0,0,0,0,0,0,0,0,0,0,0,0,0,0,0,0,0,0,0,0,0,0,0,0,0,0,0,0,0,0,0,0,0,0,0,0,0,0,0,176,0,0,0,0,0,0,0,0,0,0,0,0,0,0,0,0,0,0,0,0,0,0,0,0,0,0,0,0,0,0,0,0,0,0,0,0,0,0,0,0,0,0,0,0,0,0,0,0,0,0,0,0,0,0,0,0,0,0,1,0,0,0,0,0,0,0,0,0,0,0,0,0,0,0,0,0,0,0,0,0,0,0,0,0,1,0,0,0,0,0,0,0,0,0,0,0,0,0,0,0,0,0,0,0,0,0,0,0,0,0,0,0,0,0,0,0,0,0,0,0,0,0,0,0,0,0,0,0,0,0,0,0,0,0,0,0,1,0,0,0,0,0,0,0,0,0,0,1,0,0,0,0,0,0,0,0,0,0,0,0,0,0,0,0,0,0,0,0,0,0,0
4,0,0,0,0,0,0,0,0,0,0,4,0,0,0,0,0,0,0,0,0,0,0,0,0,0,0,0,0,0,0,0,0,0,0,0,1,0,0,0,0,0,0,2540,0,0,0,0,0,0,0,0,0,0,0,0,0,0,0,0,0,0,0,0,0,0,0,0,0,0,0,3,0,0,0,0,0,0,0,0,0,0,0,0,0,0,0,0,0,0,0,0,0,0,0,0,0,0,0,0,0,0,2,0,0,0,0,0,0,0,0,0,0,0,0,0,0,0,0,0,0,4,0,0,0,0,0,0,0,0,0,0,0,0,0,0,0,0,1,0,0,0,0,0,0,0,0,0,0,0,0,0,0,0,0,0,0,0,0,0,0,0,0,0,0,0,0,0,0,0,0,0,0,4,0,0,0,0,0,0,3,0,0,0,0,0,0,0,0,5,0,6,0,0,0,0,0,0,0,0,1,0,0,5,0,0,0,0,0,2,0,0,0,0,0
5,0,0,0,0,0,0,0,0,0,0,7,0,0,0,0,0,0,0,0,0,0,0,0,0,0,0,0,0,0,0,0,0,0,1,0,3,0,0,0,0,0,0,14436,0,0,0,0,0,0,0,0,0,0,0,0,0,0,0,0,0,0,0,0,0,0,0,0,0,0,1,3,0,0,0,0,9,0,0,0,0,0,0,0,0,0,0,0,0,0,0,0,0,2,0,0,0,0,0,0,3,0,17,0,0,0,0,0,0,0,0,0,0,0,0,0,0,0,0,0,0,4,0,0,0,0,0,0,1,0,0,0,0,0,0,0,0,0,0,0,0,0,0,0,0,0,0,0,0,0,0,0,0,0,0,2,0,0,0,0,0,2,0,0,0,0,0,0,0,0,0,0,0,14,0,0,0,0,0,0,11,0,1,1,0,0,0,0,0,5,0,11,0,0,0,0,0,0,0,0,4,2,0,6,0,0,0,0,0,6,0,0,0,0,0
6,0,0,0,0,0,0,0,0,0,0,3,0,0,0,0,0,0,0,0,0,0,0,0,0,0,0,0,0,0,0,0,0,0,0,0,3,0,70,0,0,0,0,22995,0,0,0,0,0,0,0,0,0,0,0,0,0,0,0,0,0,0,0,0,0,0,0,0,0,0,0,5,0,0,0,0,4,0,0,0,0,0,0,0,0,0,0,0,0,0,0,0,0,1,0,0,0,0,0,0,0,0,5,0,0,0,0,0,0,0,0,0,0,0,0,0,0,0,0,0,0,10,0,0,0,0,0,0,0,0,0,0,0,0,0,0,0,0,0,0,0,0,0,0,0,0,0,0,0,0,0,0,0,0,0,1,0,0,0,0,0,0,0,0,0,0,0,0,0,0,0,0,0,25,0,0,0,0,0,0,12,0,1,0,0,0,1,0,0,8,0,13,0,0,0,0,0,0,0,0,2,6,0,1,0,0,0,0,0,6,0,0,0,0,0
7,0,0,0,0,0,0,0,0,0,0,1,0,0,0,0,0,0,0,0,0,0,0,0,0,0,0,0,0,0,0,0,0,0,0,0,1,0,285,0,0,0,0,30412,0,0,0,0,0,0,0,0,0,0,0,0,0,0,0,0,1,0,0,0,0,0,0,0,0,0,0,1,0,0,0,0,2,0,0,0,0,0,0,0,0,0,0,0,0,0,0,0,0,0,0,0,0,0,0,0,0,0,34,0,0,0,0,0,0,0,0,0,0,0,0,0,0,0,0,0,0,4,0,0,0,0,0,0,1,0,0,0,0,0,0,0,0,0,0,0,0,0,0,0,0,0,0,0,0,0,0,0,0,0,0,0,0,0,0,0,0,0,0,0,0,0,0,0,0,0,0,0,0,32,0,0,0,0,0,0,3,0,0,0,0,0,0,0,0,2,0,2,0,0,0,0,0,0,0,0,2,2,0,3,0,0,0,0,0,2,0,0,0,0,0
8,0,0,0,0,0,0,0,0,0,0,7,0,0,0,1,0,0,0,1,0,0,0,0,0,0,0,0,0,0,0,0,0,0,0,0,1,0,336,0,0,0,0,6616,0,0,0,0,0,0,0,0,0,0,0,0,0,0,0,0,0,0,0,0,0,0,0,0,0,0,0,0,0,0,0,0,0,0,0,0,0,0,0,0,0,0,0,0,0,0,0,0,0,0,0,43,0,0,0,2,129,0,85,0,0,0,0,0,3,0,0,0,1,0,0,0,0,0,0,0,0,0,0,0,0,0,0,0,1,0,0,0,0,0,0,0,0,0,0,0,0,0,0,0,0,0,0,0,0,0,0,0,0,0,0,0,0,0,0,0,0,0,0,0,0,0,0,0,0,0,0,0,0,14,0,0,0,0,0,0,732,0,0,0,0,0,0,0,0,8,0,1,0,0,0,0,0,0,0,0,4,1,0,20,0,0,0,0,0,0,0,0,0,0,0
9,1,0,3,0,0,0,0,0,1,0,7,14,3,0,46,0,0,1,18,0,0,0,0,0,0,0,0,2,0,0,0,0,0,0,0,15,0,14,0,0,0,0,2900,0,0,0,0,0,7,0,0,0,3,0,4,0,0,1,6,1,0,0,0,1,0,0,0,0,0,5,118,0,0,0,3,114,0,0,7,0,0,0,0,0,0,0,0,0,0,0,0,3,0,2,935,19,1,0,8,1557,0,110,0,0,0,0,0,43,0,0,0,9,0,0,0,0,1,1,0,0,7,0,0,0,0,0,0,11,0,1,0,0,0,0,0,0,0,0,13,0,1,0,0,1,1,0,19,6,4,0,0,0,0,0,0,0,0,0,3,3,0,0,0,0,0,8,0,0,0,0,0,0,17,0,0,0,0,0,0,3450,0,134,0,0,0,13,24,0,12,0,8,0,0,0,0,0,0,0,0,8,36,0,54,0,0,0,0,0,0,0,0,0,0,0
10,3,2,17,0,0,0,0,12,0,0,51,88,6,0,32,3,0,5,388,0,0,0,0,0,0,0,0,23,0,0,4,0,0,1,2,38,0,0,0,0,0,10,725,0,0,0,5,0,5,0,0,0,29,0,34,0,0,1,8,47,0,0,0,9,0,0,0,3,0,24,996,0,0,0,10,773,0,0,66,0,0,0,0,0,0,0,0,0,0,0,8,52,31,4,5588,42,20,0,29,5686,0,234,0,0,0,0,0,18,0,0,3,22,0,0,0,0,0,4,0,0,70,4,0,3,0,0,0,14,0,0,0,0,0,0,0,0,0,0,252,0,4,0,0,0,2,0,150,10,2,0,0,0,0,7,7,11,30,0,12,12,8,0,0,0,0,29,0,11,0,0,0,0,44,0,5,16,0,0,3,3170,0,1391,0,0,0,211,308,0,5,0,7,0,0,0,0,0,0,0,0,24,365,0,465,0,0,0,0,0,14,0,0,0,0,0
11,12,40,28,5,0,0,0,44,27,0,218,758,10,1,135,0,0,21,1735,0,0,0,0,0,0,18,0,175,0,50,47,3,0,10,2,242,0,0,0,1,0,65,161,45,0,1,30,4,36,0,0,30,266,2,837,0,0,9,23,61,0,1,0,161,1,4,0,6,0,237,4297,0,1,0,17,3936,2,0,258,0,0,0,1,0,0,0,4,0,1,6,31,123,59,111,7372,63,148,0,211,16605,10,326,0,15,9,3,13,48,0,0,28,67,0,0,0,7,13,72,0,0,329,9,0,27,0,1,0,216,23,8,0,0,0,28,0,0,2,0,870,0,3,0,0,1,10,0,908,6,25,38,43,0,8,64,130,114,215,0,386,124,53,5,0,2,0,61,0,107,26,55,3,0,76,0,56,203,0,0,48,854,0,9964,18,1,0,921,1868,0,14,0,64,0,1,4,18,18,0,0,3,53,2193,0,3220,0,8,6,0,15,27,0,0,0,0,0
12,18,47,153,108,2,0,1,210,166,0,1411,2771,46,3,120,24,17,49,4614,0,2,6,2,27,0,107,0,1346,0,38,134,61,0,74,23,1126,3,0,3,3,2,557,464,190,0,3,99,21,187,35,0,65,867,24,520,1,1,191,752,184,3,5,1,155,3,7,0,106,3,359,10595,18,5,1,24,19936,22,15,293,2,1,27,18,17,2,0,1,2,0,21,128,390,346,397,7700,109,737,2,821,35158,9,275,15,84,51,12,20,76,14,0,108,149,0,3,0,39,129,721,3,0,878,0,0,77,0,1,28,654,71,11,10,21,1,87,1,0,1,0,3069,5,94,2,1,28,101,0,1055,33,753,21,270,1,14,292,240,509,1355,0,93,294,304,14,0,0,0,53,0,393,41,133,4,0,229,0,124,195,0,1,223,725,0,29771,68,1,5,1023,4771,1,106,0,607,1,14,46,57,1218,0,1,44,55,6329,12,31432,0,150,40,0,21,64,0,0,0,3,2
13,80,123,310,221,5,2,6,554,288,50,2384,5182,144,10,166,22,16,18,8540,2,4,16,2,69,0,198,0,2710,2,38,161,116,0,21,72,4825,2,0,5,2,3,1507,673,467,0,15,180,140,478,104,9,119,1664,55,1000,18,10,657,1101,282,27,8,11,353,5,5,0,44,2,592,24156,17,1,2,36,32524,128,50,532,8,8,29,17,28,6,2,3,13,5,112,280,452,632,771,16671,314,1709,40,3176,38551,15,777,48,160,224,27,65,67,70,6,237,190,0,0,8,16,341,1152,34,0,1164,4,18,49,0,3,82,1221,169,15,2,64,4,364,7,8,8,4,6662,10,450,2,9,67,145,0,1970,112,742,47,676,0,42,489,1038,1228,4362,127,140,1327,1167,51,7,7,1,78,0,718,75,553,1,0,389,3,151,316,0,2,1006,700,0,54860,33,3,3,2191,7303,8,141,0,667,0,15,28,203,7981,5,32,371,417,17889,2,107819,30,137,99,0,83,82,0,0,0,26,5
14,185,149,809,167,7,1,8,734,351,14,1651,3170,375,15,200,39,23,470,9890,3,16,15,1,87,2,340,6,6874,1,9,185,165,3,7,551,9241,2,0,31,3,4,2332,485,783,0,26,140,96,469,181,2,232,1758,73,1974,40,3,886,1756,494,39,2,17,418,0,27,2,22,9,709,30304,6,14,1,84,38093,62,38,579,1,3,54,34,109,113,16,21,6,1,159,297,466,2996,988,19917,414,2496,85,4183,31259,24,1788,92,86,247,100,67,301,132,5,157,89,0,10,10,16,327,854,35,4,1192,2,27,85,0,1,117,2083,601,16,2,129,1,542,2,13,5,4,6985,3,359,1,174,135,224,8,1538,131,1751,111,999,0,49,1429,1828,2240,5316,348,970,2104,3855,34,3,5,6,37,0,1156,80,1167,2,6,465,22,149,267,0,4,375,623,1,46276,46,7,2,3203,6748,10,57,0,832,0,14,26,275,17852,0,19,890,1213,30357,8,194610,12,112,197,0,29,42,0,0,0,10,2
15,308,85,594,137,5,0,6,649,206,28,578,1954,514,18,436,533,15,2014,9778,9,13,20,0,147,1,344,7,11039,0,1,144,152,2,8,170,8869,3,0,14,2,6,2742,567,1291,0,25,141,313,418,349,3,187,1404,80,1805,155,2,1222,3820,995,56,5,5,212,5,28,3,3,2,1047,24925,12,36,5,83,27625,352,26,379,0,2,23,86,64,129,21,16,12,1,99,714,215,5085,1968,13460,391,4544,101,2715,27415,14,3601,58,44,430,55,197,678,203,8,118,103,0,37,7,2,251,477,34,9,1021,1,71,143,0,1,97,3386,798,13,2,58,5,640,11,20,0,3,7736,0,153,4,345,91,345,3,775,301,2097,51,1412,1,34,5238,1402,2572,5307,422,1375,2436,10381,22,2,1,5,90,4,2077,58,1722,0,4,1223,25,257,208,0,18,518,253,3,32553,44,7,0,3787,4198,6,25,0,359,1,32,9,154,29887,4,2,1469,2199,32205,10,219936,9,58,523,0,33,19,0,0,1,4,5
16,389,116,715,75,5,0,2,727,300,5,290,773,300,13,737,1835,4,3229,8702,4,2,29,0,234,2,262,7,16485,1,2,240,79,1,0,196,10412,51,0,8,1,18,2875,608,1016,0,90,65,273,271,366,0,134,796,98,1210,632,0,1713,2002,1079,76,58,5,219,8,37,6,1,1,809,17203,2,52,1,137,18656,476,4,121,0,0,3,133,21,329,11,20,14,0,80,526,70,8113,2334,10525,187,5596,70,2346,22609,124,3496,36,28,774,73,199,681,149,0,76,43,0,41,24,2,264,269,15,4,706,32,108,47,0,0,4,6141,810,1,16,36,0,1194,18,70,0,19,7068,0,41,0,119,304,379,3,653,667,3044,54,1067,5,59,8109,1611,2613,3621,316,2469,2446,27083,21,3,0,0,105,0,4900,87,2688,1,25,4056,17,419,125,0,139,985,137,0,20519,85,47,0,3775,2438,14,32,0,186,17,8,1,172,29350,2,1,2672,2961,32027,138,202116,2,63,700,0,75,4,0,0,0,18,11
17,535,164,753,27,2,0,1,837,469,3,101,479,247,20,774,2960,4,4656,5182,0,27,23,2,386,1,247,2,23234,2,0,385,56,9,0,605,12107,45,0,9,7,13,3243,95,1587,0,40,35,303,159,334,2,50,617,127,1191,177,0,1455,13251,1175,97,179,0,115,37,15,2,2,1,793,11969,2,67,0,92,13521,508,8,271,0,4,6,211,8,515,3,9,25,1,184,599,21,10627,2307,8270,281,4011,10,1907,18703,154,2634,32,30,982,85,203,1160,127,0,85,34,0,33,12,1,112,173,3,17,391,162,165,18,0,0,4,9135,936,0,6,13,0,1210,37,35,0,21,5190,0,17,4,48,646,179,0,437,732,4910,173,1312,1,22,11889,1320,2330,3640,158,4839,2290,38096,44,0,0,2,77,4,8160,304,1724,0,58,7036,7,218,77,0,272,1388,64,2,16100,228,171,0,4303,1320,4,9,0,157,5,14,2,70,23824,0,24,3168,3406,32830,130,206223,2,78,322,0,69,2,0,6,0,27,6
18,1698,69,1092,8,9,0,1,1003,699,0,88,349,287,3,736,4039,3,6242,3010,0,26,6,0,644,0,341,1,39259,0,0,318,30,4,0,456,12590,59,0,4,53,71,6332,52,2289,3,29,44,248,66,280,0,55,377,225,948,89,0,1819,6819,2146,257,57,0,57,53,12,0,0,0,678,6712,1,159,7,103,7982,619,3,120,0,3,7,203,5,492,239,8,13,2,394,452,7,14641,2310,6943,476,2244,13,810,13042,119,1672,11,14,1247,110,87,1908,135,0,67,30,0,34,2,0,28,101,25,5,518,313,174,30,0,1,0,11094,713,1,2,1,0,838,4,9,0,23,2726,0,15,1,54,1285,125,0,304,570,6858,27,1418,0,168,18411,1644,2076,1678,437,5264,2127,53738,68,0,3,3,44,10,9489,511,1422,0,64,4581,2,29,32,0,286,2237,63,40,7635,195,441,0,3746,844,1,7,76,47,0,26,0,64,15915,1,10,3296,3814,31282,180,192131,11,49,262,0,32,1,0,0,9,36,3
19,1698,73,1249,7,10,0,0,1006,885,1,140,249,587,9,1558,5202,2,6268,2857,0,229,3,2,962,0,260,0,61552,1,3,347,89,0,0,502,9374,81,0,7,107,205,9203,46,3395,8,58,53,302,91,117,0,26,342,340,906,98,0,2393,21,2935,403,124,0,39,60,104,0,0,0,708,7776,2,326,3,46,6400,2094,2,90,0,0,2,349,0,560,434,22,97,1,917,249,2,24619,2840,10179,471,1490,9,269,8353,33,741,2,79,1162,207,33,3705,186,0,60,108,0,41,1,0,69,62,22,17,358,308,141,23,0,0,0,14536,806,0,2,2,0,1160,11,25,0,45,2056,0,10,2,71,1841,131,2,290,831,10755,25,1251,0,317,21379,1571,2303,2057,390,6969,2199,75001,25,0,0,0,46,190,12037,527,650,0,150,5131,0,49,21,0,332,3232,108,110,8565,145,685,0,4130,400,3,4,536,46,0,50,0,19,12612,0,32,3319,4035,22867,29,171758,3,52,269,0,57,17,0,0,41,143,2
20,2262,78,1296,6,3,0,0,2016,1431,0,104,367,755,4,2015,7611,4,6677,1912,0,20,5,12,1532,0,172,2,78381,1,0,270,45,23,0,713,8143,82,0,13,148,181,14915,44,4511,0,125,71,409,39,106,0,18,352,430,498,191,0,1967,3623,2829,380,155,0,35,31,78,0,0,0,385,3348,0,659,3,66,5122,1472,1,118,0,1,3,860,0,512,264,13,274,0,674,251,1,29017,3482,12595,637,1116,5,140,6365,18,507,8,73,1314,215,101,6162,200,0,69,66,1,27,1,0,62,59,133,14,238,259,156,55,0,54,0,19213,1133,0,98,0,0,807,46,7,0,184,1368,0,2,9,83,1560,150,5,98,1787,11184,13,1158,0,73,24966,1719,2533,1455,448,10084,1509,72064,8,0,0,0,26,27,15704,771,496,0,198,4702,1,37,6,0,367,5500,156,126,3836,118,926,0,3844,282,11,0,912,13,0,127,0,5,10778,0,106,3059,5160,19857,0,156958,0,27,335,0,127,32,0,0,77,486,10
21,3918,52,1287,2,21,0,0,4271,2290,0,64,285,848,4,2182,11342,4,6548,1507,0,148,10,6,2175,1,111,10,122131,0,0,198,36,0,2,1598,7697,52,0,35,277,172,25321,41,5601,76,75,67,267,18,69,1,19,482,843,433,869,0,2108,3574,5036,577,449,0,49,47,265,0,0,0,232,2510,0,614,2,29,3873,948,4,44,0,0,12,1512,0,617,183,18,502,0,1304,221,2,42676,4757,15503,1065,527,1,103,4423,32,276,4,95,2091,327,47,6452,217,0,39,203,1,39,10,0,82,47,223,13,351,277,170,53,0,175,2,23497,1033,1,1,0,0,563,57,14,5,299,1241,0,5,254,41,1880,186,1,112,2584,14224,42,1320,0,76,27686,1522,2797,1587,543,11110,1199,62729,35,0,0,1,11,64,17808,567,549,0,202,3578,0,15,3,0,173,7068,141,281,3794,160,1345,1,3721,149,28,1,1214,14,0,80,0,14,7392,0,15,2695,6127,16360,0,156481,0,35,411,0,580,5,0,0,94,167,10
22,4623,139,1088,1,17,0,0,4775,2379,0,86,203,1372,2,2260,13543,0,6358,889,0,41,7,16,3719,0,109,3,151638,0,0,80,49,21,1,1014,6248,55,0,12,407,103,30586,52,8208,19,124,126,457,2,104,2,9,316,752,309,1084,0,2863,2342,7720,602,263,0,46,35,590,0,0,0,280,6832,0,721,0,53,3245,1387,18,39,2,1,9,1663,0,496,149,18,1166,0,1252,120,2,51690,4202,15765,1970,351,0,351,3161,34,303,2,31,2777,748,51,5741,384,0,19,106,0,23,81,0,52,26,244,201,574,402,235,8,0,293,1,26685,1158,0,44,0,0,374,60,27,3,969,1206,1,0,480,13,2323,248,0,102,3667,16111,25,2537,0,124,44517,4051,2460,1877,587,13196,1187,61362,43,0,0,8,6,184,12701,598,253,0,154,3268,0,13,4,0,382,10100,297,431,4238,492,1392,12,4438,126,36,1,1069,39,0,61,1,26,7115,0,246,2686,5072,10907,0,146953,0,54,498,0,389,3,0,17,101,137,122
23,5137,109,760,88,5,0,1,5943,3833,0,65,226,2059,1,3365,18616,0,6074,940,0,36,1,16,3661,0,164,2,176909,0,0,214,8,20,1,2004,4752,119,0,23,623,59,34462,44,9853,35,72,262,906,1,146,2,20,355,967,279,853,2,2315,4022,9094,498,0,2,70,48,848,0,0,0,122,2224,0,446,1,25,2378,1568,6,80,0,0,4,1968,0,394,46,1,1210,0,1125,94,1,66076,4713,20323,5927,211,0,844,1979,12,290,3,69,1551,805,151,4805,215,0,22,111,2,71,100,0,39,21,281,154,503,130,268,11,0,417,2,30070,1449,0,9,0,0,417,172,15,5,1876,1132,1,0,550,15,2324,802,5,93,5445,31211,24,2962,0,149,32039,3809,2775,1993,1209,11880,1222,61830,69,0,1,0,16,31,16653,683,411,0,108,3026,0,6,12,0,358,15602,311,323,2079,202,1057,99,6050,103,19,1,722,38,0,53,0,10,6190,0,158,3327,4251,8524,0,152172,2,22,690,0,867,3,0,0,163,97,104
24,4424,275,765,1,49,0,0,8783,3739,0,60,170,2404,0,3781,21751,4,5343,666,3,202,3,7,4816,0,328,20,175866,0,0,563,5,11,2,1956,3088,196,0,23,588,13,40143,144,11703,35,96,397,1345,5,57,1,19,396,761,245,258,0,3362,3631,10519,705,0,55,34,157,1325,0,0,0,123,3243,0,362,2,71,2268,2326,1,124,0,0,6,2790,0,367,92,5,975,0,2531,106,3,75813,7091,15638,7843,102,0,1206,1991,19,328,2,153,1950,827,252,4072,340,0,9,115,0,99,162,0,54,31,220,109,131,132,276,20,0,836,0,34118,2040,0,3,1,0,510,157,19,3,2312,1209,1,0,346,7,3599,1029,3,102,6599,40807,22,4261,0,154,33221,4035,2831,2197,826,10812,1520,61291,143,0,0,1,7,147,25627,762,487,0,200,2694,0,20,10,0,269,21753,307,376,2392,54,1137,86,7131,152,36,0,506,16,0,36,6,9,8107,0,80,4155,3486,7136,0,151706,2,3,751,0,601,3,0,0,242,204,101
25,4067,406,852,2,36,0,0,11208,3524,0,141,247,2772,1,3220,24786,1,4532,664,1,295,2,2,5929,0,430,29,217414,0,0,615,9,50,1,1746,2550,140,0,8,586,8,68062,237,17713,71,234,498,2408,65,64,1,3,474,1049,198,117,0,3715,3889,10635,906,358,47,8,145,1187,0,0,0,39,3157,0,965,9,29,3898,2190,0,145,0,0,37,3300,0,456,81,25,902,0,3911,26,5,92858,7614,17525,10659,76,0,1657,1510,42,414,5,72,2923,1144,683,3730,984,0,14,141,0,168,126,0,30,50,324,183,119,168,152,15,0,1030,0,37054,2460,1,16,37,0,1243,150,28,23,3266,810,0,9,359,56,4159,1049,0,102,5990,36610,349,5344,1,90,25200,4122,2539,2443,714,7767,2046,55716,146,0,0,2,2,37,30071,798,584,0,158,1491,0,39,25,0,176,27264,317,189,2395,61,1360,106,7188,175,27,3,422,13,0,38,0,61,9446,2,74,5406,2631,6680,0,186843,3,28,1255,0,940,15,0,2,213,72,106
26,2134,475,1502,0,91,0,39,14959,4539,0,225,340,3695,0,3941,25481,0,2970,591,2,384,0,8,7136,0,784,36,259105,0,0,786,56,26,12,982,1913,265,0,1,621,8,29627,185,23117,25,232,917,1452,374,20,1,8,1105,1000,284,61,0,4696,4615,9955,1308,337,48,6,146,1157,0,0,0,48,2559,2,781,8,18,3402,3197,1,110,0,0,31,3785,0,354,73,46,636,0,5313,40,6,123036,8119,17717,14534,60,0,2977,1811,37,560,1,88,3595,1332,508,5292,1661,0,5,153,23,142,218,0,18,122,482,416,62,120,186,5,0,1094,4,38916,2050,2,7,119,0,2075,126,9,128,3746,554,0,15,156,38,4323,986,0,107,8679,25424,1226,5656,2,748,24483,5403,1976,2513,664,7044,2268,49757,172,0,0,0,2,15,24881,698,1152,0,100,1364,0,77,61,0,115,40832,319,107,2466,87,678,176,7387,325,52,1,392,14,0,73,3,12,9554,14,89,6422,2872,5240,0,268084,5,53,1673,0,1379,6,0,183,177,127,78
27,1984,491,2668,0,79,0,3,17632,3809,4,763,644,3900,0,3662,24630,1,2079,622,6,50,0,4,7773,0,1178,150,258912,0,0,1049,28,21,0,1119,2285,296,0,5,540,6,23550,114,25341,39,312,1866,1828,460,40,1,9,912,584,157,149,0,6052,6703,10065,1843,1070,24,6,207,157,0,0,0,81,4024,0,411,12,27,2793,2734,1,143,0,0,48,6318,0,268,151,43,486,0,5861,41,9,149095,9739,17769,15077,88,0,6203,1301,36,1299,1,43,27247,1816,679,4999,2674,0,8,133,52,106,227,1,20,280,650,596,24,145,183,2,0,972,0,42740,1564,5,0,300,0,2163,128,14,229,3012,474,0,5,349,19,4144,954,1,80,8028,25306,2210,6463,0,300,23299,6375,2043,2251,727,5386,2660,46814,205,1,3,0,0,7,27016,814,2085,0,115,1205,1,100,119,0,103,58616,334,47,2819,39,509,104,3799,650,102,2,364,33,0,38,7,19,8519,19,80,5518,3743,4026,0,339639,31,27,2112,0,1872,0,0,311,147,75,149
28,1500,561,3254,0,160,0,6,22133,3215,0,1348,578,3717,7,3574,21378,5,1378,816,7,179,4,4,8890,0,1491,124,261626,0,0,1512,49,59,15,1462,2055,247,0,0,319,8,19509,246,33335,6,546,2600,1994,571,54,0,18,659,622,114,180,0,7107,5912,6817,1897,0,17,21,363,1714,0,1,8,20,3792,0,322,7,42,2409,4433,2,284,0,0,11,6107,0,531,77,24,394,0,4147,51,3,180841,11950,16865,17027,101,0,8712,1450,26,2093,5,15,11315,2219,1575,4953,3426,0,49,461,154,136,444,1,33,403,2139,622,60,263,81,2,0,247,1,44253,1568,1,10,440,1,1530,170,18,373,1017,401,0,11,327,6,3847,1065,2,70,9837,19807,2580,7484,0,521,23608,14429,1941,2615,1905,3799,3562,45911,232,1,0,6,1,9,22750,735,2229,89,93,1297,0,137,141,0,62,79492,388,103,4164,541,483,147,2098,614,36,2,339,25,0,40,0,75,7235,25,86,5021,3314,4271,0,416307,69,31,3050,0,2296,17,0,0,200,263,269
29,1024,636,3889,25,199,0,2,25015,2830,8,2005,724,3480,42,3481,20730,2,1163,1604,3,224,3,5,11395,3,1568,123,233708,0,0,1481,29,60,15,984,2759,345,0,2,197,9,15889,496,46833,17,530,3518,1353,632,20,3,17,771,370,227,39,0,8323,6143,5705,2172,0,19,7,442,1943,0,3,0,46,3922,0,373,29,33,2860,3149,0,204,0,0,7,9322,0,403,85,39,326,0,5745,99,6,239789,10822,16485,15024,132,0,11619,1373,32,3228,6,39,11949,3248,804,4310,16026,0,19,525,126,81,433,2,63,558,2182,628,61,235,64,2,0,747,1,49745,1598,0,57,550,0,1491,334,10,462,857,703,1,10,301,5,4105,1021,4,50,10646,13458,3014,7835,6,773,27264,11197,2213,2124,2242,3050,4923,44384,245,0,1,15,0,17,18661,675,2534,0,76,1951,1,78,105,0,60,88086,292,61,8883,107,512,288,1583,706,102,4,326,30,0,54,4,111,6648,9,40,5321,2068,4310,0,468318,116,67,3773,0,2426,1,0,247,141,1085,626
30,788,673,4273,17,225,0,6,40002,2409,6,2601,915,2529,189,2709,18928,5,1037,2641,8,168,1,6,9847,1,1617,164,320702,0,0,1694,35,51,54,551,3560,264,0,0,114,26,14860,957,51698,6,405,4115,1477,503,49,1,19,1379,429,265,39,0,10053,6681,4287,2784,0,12,13,414,4465,0,0,1,55,5854,0,669,184,109,3786,5302,5,186,0,0,27,6376,0,464,27,34,262,0,5441,115,8,317410,12257,17384,17502,121,0,11667,1684,52,4893,1,50,11284,4250,1182,4569,6153,1,27,891,87,71,681,0,76,789,2246,648,118,336,35,24,0,298,1,48945,2054,5,1,798,1,3042,178,9,528,955,1221,0,2,292,28,3869,954,3,70,9344,9206,3077,6828,45,723,31207,12992,2961,1528,3080,2657,7340,40939,239,0,1,2,0,117,16021,871,2836,14,72,2457,15,200,136,0,59,81105,404,62,13946,58,623,410,1256,821,154,7,314,45,0,94,10,78,6459,18,50,6007,1991,4549,0,460760,64,138,3854,0,3572,47,0,0,75,1501,901
31,447,756,4108,28,218,0,9,34017,1712,3,3520,823,2393,306,2405,17293,22,935,3958,9,35,2,8,10724,0,2039,118,314586,1,0,1528,50,34,15,547,2972,240,0,0,15,21,13941,1415,68675,46,349,3746,586,403,151,0,93,1476,283,351,111,0,9335,5830,2421,2818,1750,16,45,568,4031,0,34,0,60,7391,0,547,221,40,4793,4045,3,469,1,1,22,6253,0,356,27,104,161,0,3921,87,60,368242,12677,18265,19119,281,0,11069,1952,52,8083,3,45,15519,4450,1882,4138,3833,0,24,1135,272,45,1144,2,102,423,2233,591,102,862,31,84,0,139,0,44519,2328,3,5,689,0,5259,277,3,519,1719,2097,0,11,233,15,3309,968,6,123,3154,5740,2651,7157,48,1200,44053,22737,3829,1299,3268,1802,8388,38385,241,0,1,3,0,11,11894,663,2463,0,60,2456,52,165,98,0,34,66052,214,167,18272,41,353,410,1650,1136,159,13,303,25,0,93,35,109,6756,17,67,7319,2086,4444,0,433935,60,94,5008,0,4743,201,0,0,53,1866,1409
32,344,892,3749,31,424,0,1,45268,1308,441,3161,702,1125,250,2475,16854,10,783,4419,97,131,2,7,9846,2,2217,105,301745,0,1,1441,54,13,11,787,2581,311,0,0,27,8,13325,808,69830,13,277,4311,533,344,307,2,92,1555,339,653,183,0,7489,7935,1009,2975,0,6,73,461,4819,0,66,0,131,10002,0,392,737,73,5925,3989,9,961,0,0,50,5299,0,566,71,94,158,0,4257,161,51,411379,13941,17275,20964,550,0,9977,2496,129,9918,10,39,14081,4383,1448,3802,3048,0,47,1632,24,30,1541,0,142,418,1558,427,84,877,26,223,0,188,0,40936,2298,10,0,360,0,7700,323,7,655,2640,3521,1,2,230,11,2736,802,2,260,2421,4631,2871,7039,104,1263,49174,26728,4897,1205,3710,1840,8582,36666,78,0,0,2,11,4,9855,831,1906,12,73,2279,43,252,69,0,15,48373,237,41,25926,21,156,542,2045,1053,379,5,250,31,1,99,97,136,7948,100,101,9789,1526,6130,0,376909,126,67,4992,0,5599,220,0,0,70,1738,728
33,542,969,3369,33,307,0,1,47289,1253,539,2204,1362,651,417,2419,18949,9,666,3585,298,127,4,31,10345,0,1210,305,304775,0,0,969,63,5,22,427,2636,321,0,0,11,12,12890,582,80851,6,171,5179,311,967,363,3,90,1657,222,1175,25,0,6577,7083,983,2489,0,0,38,603,7058,0,81,1,147,20615,130,302,637,91,7687,1529,18,1452,0,0,140,5957,0,552,65,141,245,0,3048,220,53,432589,14153,16491,26816,545,0,9678,3349,90,6962,10,126,8917,3684,1169,4492,1814,0,32,2364,204,20,2506,4,164,326,741,414,117,744,47,367,0,203,2,37880,2523,5,5,417,0,9252,586,15,1205,3688,4379,0,61,213,9,2491,883,2,382,1506,4555,3284,7448,109,2884,57922,31340,4893,1434,3885,2133,8693,35317,313,0,0,0,0,7,9852,987,1583,1,40,643,128,306,167,0,29,27487,889,19,36102,49,516,625,2030,1517,489,5,320,27,0,87,273,410,8505,82,217,10863,1787,7659,0,358405,194,87,4124,0,7950,123,0,0,65,1258,612
34,403,1047,2877,56,292,0,1,47702,1129,466,1524,1866,1055,450,2608,18049,10,952,3353,234,52,5,14,8805,0,2365,94,265586,12,1,922,61,16,0,293,2809,330,0,2,27,30,11719,320,72815,12,15,5355,445,1604,366,9,89,1911,154,510,13,1,4852,6227,762,1710,105,21,82,386,10795,0,12,0,189,24363,44,163,565,70,9561,973,14,1589,0,0,262,5626,0,485,32,246,203,0,4009,239,53,458685,13986,15702,27410,712,0,10471,5430,416,6802,8,231,5823,2244,1032,4323,1135,2,15,3310,69,29,2699,8,219,265,500,250,67,994,91,295,0,184,0,36673,3295,12,0,308,0,9860,540,88,1700,5275,3547,0,52,196,5,3159,775,4,347,683,3550,3089,4960,78,3442,58380,28348,5078,1495,3890,1928,8064,33896,636,0,1,1,0,7,8937,787,975,5,36,606,79,454,235,0,13,22428,2150,10,46354,60,426,591,1687,1771,466,2,246,19,1,130,455,631,8940,85,763,12138,2695,7158,0,299342,243,87,4002,0,5809,52,0,0,42,1739,669
35,163,953,2686,79,453,0,0,64437,958,429,858,1979,1035,402,2536,16224,12,1219,3148,308,30,2,69,6819,2,1889,325,256528,16,1,903,40,16,1,380,3044,343,0,0,21,26,12309,200,66791,6,129,5879,477,1948,291,14,66,2444,215,573,3,1,3080,5879,1490,1107,15,12,101,336,10451,0,27,0,157,35044,184,117,526,76,8806,700,56,1470,0,0,527,5724,0,404,56,279,127,0,5663,806,41,514897,18518,14665,26836,791,0,10869,8873,828,6111,11,357,3211,1693,886,4108,772,0,56,4679,51,18,2986,7,239,1079,516,214,67,888,68,217,0,137,0,37703,3222,20,3,447,0,9050,426,324,1511,6626,3581,0,55,183,4,1638,413,2,346,1775,3084,4039,5165,58,3962,52840,27795,5108,2171,2952,1567,8260,33577,931,0,0,2,0,4,7342,607,708,4,30,418,67,520,214,0,41,15283,2282,20,57422,59,353,402,1188,2104,560,1,239,15,1,119,676,947,10297,124,665,14116,2683,8825,0,294552,150,58,2705,0,6304,24,0,0,42,943,482
36,236,875,2218,91,311,0,1,70567,1033,452,609,1976,1020,379,3197,14335,6,1172,3939,267,68,6,6,4801,3,1353,369,275210,26,1,860,84,17,0,462,3955,478,0,0,29,27,12536,163,58583,29,649,7221,640,1841,336,35,22,3789,165,847,3,0,5092,3864,1136,579,31,12,142,292,7550,0,2,3,214,46834,274,96,234,153,8418,572,30,1390,0,0,272,3771,0,351,40,234,151,0,4590,2426,36,583368,22056,13088,29193,912,1,16624,9416,746,3991,10,445,3450,1046,785,4946,553,0,35,3556,82,3,4326,0,209,271,476,78,63,917,69,192,0,112,10,37193,3097,17,9,763,0,10995,623,677,1320,7696,4644,3,38,174,1,1140,835,2,577,1528,3054,4949,4978,38,5291,42811,19969,3954,2490,1685,1520,8229,35179,354,0,0,1,6,2,6006,431,540,1,32,251,48,738,309,0,52,13461,1349,25,62691,111,218,337,1355,2387,468,5,242,33,0,92,567,1091,11260,91,739,16820,4294,12685,0,279258,47,94,2124,0,7421,9,0,0,34,751,565
37,318,1098,1890,129,400,0,0,74675,1079,597,372,4141,998,382,4815,12363,2,1314,6964,219,54,2,15,6022,8,2320,250,192934,3,0,868,255,10,1,563,4764,483,0,3,20,45,12238,139,49798,4,306,8534,425,1569,375,65,17,8032,180,1669,7,4,4327,8810,1146,701,24,31,161,222,5629,0,10,1,289,56317,197,42,208,752,9556,657,15,1716,0,0,272,4226,1,298,30,385,133,0,3025,3922,24,641814,24273,15371,29939,1313,0,25952,10119,668,3801,4,903,2390,1054,518,5182,477,1,46,3884,97,12,5032,3,252,298,438,76,518,589,82,329,0,142,5,33735,3181,23,1,1159,0,14292,825,1551,1034,7902,7308,0,22,150,3,1251,932,2,746,2674,3117,5498,4702,14,5331,39642,23851,3328,3725,2847,1645,8481,37306,217,0,1,3,6,8,4824,293,503,2,55,384,38,918,528,0,27,11276,989,34,68181,111,63,236,1627,2775,369,5,257,30,0,84,792,1859,11356,48,1132,18441,5505,21352,0,243558,39,129,3845,0,7251,14,0,0,26,763,549
38,328,1032,1572,220,656,0,1,76453,1569,505,247,5222,861,442,4913,11396,8,1501,10586,147,13,3,16,3885,10,1962,315,214174,5,0,945,139,1,0,264,6990,444,0,1,44,67,11526,172,48757,14,52,8258,307,1389,407,111,74,13052,125,2631,8,0,4629,7825,1006,544,6,3,248,194,4519,0,11,0,400,72669,427,53,121,1303,11982,570,20,1902,0,0,226,3535,2,305,28,416,126,0,3827,6557,181,641153,26294,20111,28726,1948,2,31831,10403,1217,3000,13,1465,1942,824,426,4670,543,0,51,4993,179,16,5168,1,409,610,296,41,304,551,89,371,0,92,6,28075,3618,22,1,1900,0,15057,1502,2790,658,9963,11661,0,17,143,8,986,1041,9,779,3729,4284,5936,4458,6,5703,39276,25527,5088,4594,4458,1636,9286,40588,120,0,0,0,1,2,4103,434,500,2,59,170,35,1145,718,0,53,11418,760,64,77738,53,85,141,2126,2103,260,11,297,31,0,94,859,4097,11705,22,1488,21343,5427,25753,0,284835,49,109,4169,0,6116,5,0,0,17,592,157
39,183,874,1241,272,681,0,5,88391,1969,293,142,4909,835,420,4276,10232,1,1935,11854,227,60,1,12,3225,49,1493,354,187680,0,1,1192,162,12,1,304,9476,514,0,1,13,27,11627,114,47980,8,22,8337,309,1275,366,92,96,15357,97,4790,6,0,3097,8328,825,1077,26,11,276,162,4512,0,26,0,702,84806,14,32,43,1857,12995,383,29,2302,0,0,237,4648,1,255,21,503,104,0,3493,5850,277,587122,30537,24308,30415,2057,1,42599,11714,1005,3474,7,3713,1810,1134,409,4110,884,0,151,6951,134,4,4415,5,641,553,232,37,700,374,73,230,0,94,0,31936,4279,17,1,1701,0,15942,1212,4929,656,9272,17826,1,13,112,8,1082,894,1,761,3975,4537,3747,4352,15,5164,36407,17483,8090,5027,4466,1708,9892,48039,109,2,0,0,4,3,3439,195,476,2,47,124,60,2401,930,0,146,9555,616,44,76798,73,51,112,3031,2693,272,1,300,39,0,77,461,5382,11566,14,1243,22956,6553,40712,0,310232,48,91,3804,0,6035,6,0,0,4,510,129
40,114,1007,1069,274,698,0,6,87161,3096,235,96,5152,668,619,3887,9542,9,2686,21351,342,17,0,25,2967,39,1058,251,182980,0,0,1532,159,28,4,189,13031,589,0,3,39,39,12278,146,41996,9,81,7133,253,1462,352,92,128,17849,148,3043,10,7,3094,6287,843,820,17,23,407,138,5487,0,14,0,856,80601,632,69,25,2566,15287,442,53,2398,0,0,345,3871,1,174,38,321,96,0,4520,6764,298,549113,28285,25324,29691,3042,2,37149,15459,902,3608,21,7148,1579,1312,342,3481,1280,0,410,8228,122,9,4445,9,800,352,273,18,1462,432,98,311,0,58,14,30405,5704,12,1,1814,0,15587,1213,7060,593,13429,24239,0,22,97,4,1021,973,3,743,3820,3775,3240,4731,8,5498,22867,18271,10810,4643,4371,1414,11392,63563,46,0,0,0,5,2,3194,185,517,2,54,112,35,4061,1148,0,157,10523,503,40,65146,42,47,106,3638,2399,294,7,289,45,1,111,401,7339,10010,13,1278,27828,7332,68009,0,302799,4,137,3266,0,5743,22,0,0,11,411,73
41,458,1133,936,586,876,0,4,95720,3955,115,128,7365,1291,669,2625,9576,9,3239,43315,231,54,3,11,1706,24,2670,1348,179693,0,0,2815,113,11,3,279,11961,712,0,8,9,87,11192,183,56264,8,29,8257,272,2781,169,131,162,34664,91,2742,4,1,3997,5999,704,746,18,16,258,100,5476,0,3,0,1460,115804,728,38,38,3676,24712,176,53,2516,2,0,379,3752,1,268,23,376,63,0,4452,7097,605,496723,29951,28303,23189,4496,4,23653,29621,823,3608,28,9286,1896,2119,365,4091,1595,0,584,8076,125,15,5903,12,937,651,160,35,3276,364,102,517,0,30,14,29957,5572,12,4,1742,0,19132,805,10180,310,20932,38701,0,16,94,1,921,2335,4,1072,4620,4316,3123,5027,14,5493,21202,16844,27676,8417,2996,1487,21218,83717,30,0,2,0,20,16,2880,174,886,3,37,64,31,6712,2167,0,119,11182,539,51,75556,1350,17,110,4541,5967,307,10,287,51,0,86,338,7806,11090,0,993,34572,7428,100738,0,344699,4,149,2239,0,4703,13,0,0,10,406,126
42,401,1656,1330,681,1216,0,8,95474,8243,128,126,9574,2982,625,2615,10303,14,4164,78020,386,85,1,18,1197,2,3475,722,140362,0,1,5101,101,18,0,238,20031,680,0,12,1,75,10389,160,48256,7,38,8075,169,5140,242,161,658,56775,201,2970,36,1,2870,6256,1037,1470,7,11,213,111,4842,0,8,0,1426,162060,1105,46,17,5683,40968,305,86,3012,0,3,597,3645,0,496,4,265,43,14,4344,9191,529,429735,28418,30305,24304,7434,2,12018,59291,556,3780,41,12647,1733,3335,712,5030,3296,0,780,9728,28,14,6078,86,1399,1286,92,36,4841,316,93,894,0,53,12,18484,4899,31,6,1746,0,21228,865,8051,357,24491,53784,0,15,89,9,1174,2691,9,915,4063,4520,2983,4432,27,5049,19304,17277,49950,13247,3622,1446,25105,100616,78,0,4,3,7,4,2935,150,1373,1,24,35,43,9984,4479,3,0,11322,572,65,85481,786,21,79,5754,14192,404,13,271,50,1,117,196,9283,11960,3,789,42604,9373,118693,0,392051,10,237,2332,0,3499,25,1,0,4,395,136
43,633,2102,1741,661,1564,0,5,100909,14116,98,130,16979,4995,707,2353,10246,5,5125,109635,332,61,6,15,1082,0,6774,681,158784,1,1,8386,70,14,4,129,17956,644,0,6,7,58,10303,179,56313,15,97,7574,147,10800,346,114,901,84212,91,4964,77,5,3180,8346,1116,919,9,36,333,74,4206,0,5,1,1424,241473,2000,38,11,12826,71567,380,96,5412,1,1,541,3427,7,151,14,289,101,0,4789,13795,393,359686,27845,38516,25073,7166,0,6302,111541,440,3947,40,15514,1990,4840,1052,5489,3644,1,1228,9104,107,16,7223,141,2663,3558,158,33,6067,295,111,838,0,59,28,39933,4453,41,15,1182,0,23849,1120,8749,367,25843,62691,0,54,81,5,552,3326,6,1096,2979,5150,3507,4455,7,4870,20040,13410,77922,18775,5210,1739,29260,114543,92,0,21,6,60,7,2673,133,3326,4,16,59,31,14008,9806,1,77,12075,680,41,123871,2334,51,40,9455,28901,331,10,283,52,0,143,214,8257,14308,3,853,39851,9521,151391,0,481570,13,320,2050,0,2929,34,0,0,4,264,129
44,800,2045,2129,787,1779,0,4,82944,14638,99,75,28574,6485,304,1668,10437,10,6636,93533,317,86,8,12,980,3,10611,719,151577,0,0,16180,49,33,4,223,20737,452,0,1,4,61,9801,196,67436,28,37,6883,246,15115,369,129,1018,83547,229,6943,27,4,2805,7559,1196,1430,10,2,574,71,3240,0,5,1,1443,275408,1465,49,12,12276,107161,434,36,10147,0,0,477,3317,5,526,10,185,28,0,4998,21217,442,319354,23072,51595,23581,4874,5,4983,183553,417,4739,44,22779,3400,6156,2236,4899,3709,0,1458,11227,7,33,6032,186,5535,4578,143,42,5940,196,55,823,1,55,11,38232,5079,60,10,1917,0,25063,1002,8631,328,15478,68512,1,23,80,6,972,5482,4,2331,2802,6491,3756,5136,2,4137,16196,13085,126214,25655,4158,1550,37015,122904,80,0,30,2,109,9,2781,79,8917,0,20,49,47,16103,12699,4,0,10955,777,43,142377,3188,77,40,18975,50405,381,13,278,44,1,157,157,13107,15672,3,1300,51951,8784,161114,0,571197,28,298,1676,0,2760,12,0,0,0,363,98
45,606,3004,3779,558,1530,0,3,68649,14018,81,63,41398,8967,233,1533,10986,5,6820,48770,714,102,10,5,642,1,10918,1193,118410,0,0,21091,69,25,6,628,27272,521,0,10,13,49,9694,213,60566,18,89,6392,116,15752,362,110,1424,73184,236,7822,45,0,2850,5713,1465,1130,3,28,1140,78,3092,0,2,0,1506,373409,2733,54,12,18101,126841,1078,90,15769,0,4,540,3158,9,231,0,306,73,0,2296,31998,188,324344,24932,61995,23261,3392,4,4431,225769,375,6271,69,33455,5013,6611,3976,5209,3511,0,1959,11619,20,16,6072,237,8980,3699,112,19,7704,285,131,842,0,89,6,38433,5764,120,19,4091,0,34237,780,7972,223,20886,50136,1,23,77,22,1126,7324,4,3662,2406,9746,4359,5191,7,3858,17422,13282,166523,34983,5404,1483,57088,137553,76,0,47,1,115,13,2936,78,14344,5,15,37,65,15549,9512,5,288,10455,821,29,140521,2869,271,29,27562,57432,426,15,282,53,0,159,181,9213,16782,3,1660,64891,8236,157099,0,764289,29,365,1632,0,2558,33,0,0,0,474,157
46,1164,3624,5628,489,1039,0,3,68307,10420,62,67,50986,10277,239,1247,12095,8,7906,31145,685,99,13,16,771,1,8477,390,198978,0,0,23091,72,14,5,271,31964,453,0,4,21,50,9715,76,54859,16,0,6860,144,16959,293,243,1191,45288,182,7015,41,26,3542,5388,1566,1213,12,2,1512,92,3045,2,1,1,1518,194503,1711,40,18,22155,129459,921,109,17507,0,0,888,3623,3,185,6,309,52,0,2594,32678,111,291470,29397,79582,20603,2509,6,4573,243425,378,8593,89,34357,5372,7757,4962,5097,3593,0,2452,11194,74,65,5485,197,10059,4063,10,14,7208,218,192,894,0,79,26,38697,6933,62,63,4372,0,36396,680,7617,297,15323,37762,1,15,70,64,1058,7290,2,4001,2249,14193,5165,7126,3,3985,14678,11443,166547,37977,5959,1582,56530,151491,233,0,40,2,210,3,2663,85,21821,0,10,63,37,11272,9881,3,72,13746,1216,48,115646,3358,536,35,30143,45026,469,25,274,35,0,159,231,9285,20023,13,1617,75526,8202,177305,0,1065410,29,516,1455,1,2469,68,0,0,5,169,255
47,1368,4931,7183,384,1119,1,5,59874,8823,69,96,42630,17406,227,1002,15008,9,9814,20437,322,72,5,7,676,6,9107,1369,208308,0,0,23569,94,34,4,836,34426,454,0,7,11,45,9367,95,49671,17,253,6195,162,19512,256,409,1465,32147,450,8349,19,9,4686,5348,2260,1204,26,58,2087,124,3065,1,2,0,2324,158381,1272,69,24,25855,127806,751,56,17414,1,9,428,3744,1,215,2,310,35,0,1333,30496,88,294738,30555,92293,16169,2558,5,5268,230339,400,14240,79,39751,6137,7127,5178,3216,2902,0,2573,11046,44,44,4221,127,12289,3789,108,38,7358,404,338,867,3,211,16,35353,8662,34,209,3885,0,27785,589,10252,357,10532,36725,2,29,64,61,1235,7693,2,4212,1692,17897,9014,8130,4,4902,12659,10980,148359,43457,6900,1444,58364,163504,210,1,49,6,142,14,2003,89,36552,8,14,41,74,9474,10266,0,144,16655,2235,44,85752,2884,1213,22,33292,33297,541,15,284,38,0,168,370,8307,32544,26,1948,76808,8645,142727,0,1209848,70,669,1374,0,2483,25,1,0,1,301,434
48,1073,4864,7359,456,610,0,2,48444,8415,107,72,32058,25101,83,1082,15066,16,11009,15553,560,58,24,14,700,0,7367,398,243339,1,2,20666,121,19,17,589,39775,250,0,13,2,40,9790,83,59959,15,142,7675,172,22894,387,615,1740,27460,462,8867,9,8,5063,6474,2514,843,23,26,2328,191,3749,1,2,7,2990,78275,1118,60,8,26894,124736,695,56,12608,0,0,269,3342,3,213,1,243,50,0,3453,39170,104,291826,36598,94388,15114,1780,1,6577,176310,425,15843,117,30878,6421,5944,4762,2370,2922,15,3855,10468,24,44,4607,161,14278,3640,0,22,9710,386,453,759,0,453,7,65196,9076,26,151,3819,0,32841,576,10240,480,11670,34213,0,26,59,148,1029,6800,2,3309,1403,21095,12448,9946,51,5430,12860,11046,123744,34041,5671,1419,52891,179987,254,2,37,1,191,10,1870,193,48094,7,6,53,59,9492,10073,1,0,20023,3197,62,65571,3313,1788,16,35169,27534,572,57,261,64,0,119,210,7540,139269,2,2177,110014,8763,105282,0,1136412,40,1017,1253,0,2205,37,1,0,8,184,730
49,1672,5363,6031,338,433,5,5,44299,7220,127,72,22794,28484,83,1143,15138,12,12149,15325,2026,81,37,34,938,3,7133,1539,288800,0,1,18935,356,13,25,635,44904,537,0,14,9,43,9952,104,62727,5,0,6592,175,23741,549,772,2068,27110,893,11251,24,0,4980,5881,2891,1940,13,55,2926,91,3761,0,8,2,3002,74014,1011,63,36,29392,129785,705,39,11244,0,0,186,3579,2,194,20,289,106,0,3135,37026,101,245512,41530,91798,13765,2005,1,9221,143700,411,15307,429,25782,6283,5064,3748,1943,2588,2,4338,10209,41,81,4150,123,14711,3711,172,26,8209,204,476,768,0,161,4,68779,9618,30,96,3365,0,25854,631,9669,733,9003,38280,3,23,54,340,1843,6425,3,2624,1402,22270,15247,12990,16,6014,11382,9970,78374,27675,7509,1260,42040,191454,210,3,8,2,203,10,1585,402,50438,11,15,47,75,10998,10424,0,80,26863,3960,72,54141,4393,1841,12,37142,26084,606,41,273,130,1,133,107,7751,220667,8,2354,90627,8676,105915,0,1373677,105,1587,1183,0,2402,23,0,0,0,308,768
50,1757,5542,3850,288,652,1,2,35067,6338,84,66,19060,29195,95,1213,12988,9,13138,17195,1526,35,143,8,1590,9,6610,1342,298412,7,1,18028,818,35,11,607,45561,294,0,10,14,45,11537,103,54671,12,426,9484,195,25533,641,488,2650,34246,918,19155,27,3,6239,4112,3143,1535,29,79,3077,267,3474,2,18,2,3179,84355,640,97,12,26087,153424,740,22,9063,1,28,102,3732,1,224,5,255,195,0,3336,29722,75,206897,42024,67722,10434,1939,3,12658,114834,590,17586,422,19525,6188,3512,3775,1849,2279,0,4362,9367,135,95,4199,118,18985,3588,120,15,10781,170,679,734,0,2261,18,74194,9883,30,25,3180,0,19952,710,9187,1458,7442,56193,1,17,49,402,3920,5670,4,3632,1354,20493,12622,15288,54,5662,11061,9566,72227,26270,9054,1213,42759,193158,530,3,10,11,158,10,1175,598,46780,18,19,60,108,16253,10509,0,54,46399,5323,42,49556,4913,1918,29,43395,29228,763,24,276,130,0,156,112,7359,188713,13,5033,87360,8520,126161,0,1499756,179,2405,1041,0,2735,31,0,0,6,358,528
51,740,4473,3101,239,456,0,5,48955,5383,127,167,16186,26214,91,1139,10180,26,13228,17193,850,77,96,29,3235,6,4407,141,361667,6,0,11746,1130,32,4,490,54571,222,0,18,2,120,15569,3029,92293,38,0,6724,238,19842,819,350,2587,46444,1297,24676,53,4,6360,4219,3980,1892,36,96,3739,659,3182,4,18,0,2352,96502,435,69,7,18399,173574,639,169,6538,0,38,105,4319,4,93,0,251,206,0,2663,21260,85,171460,47110,43803,9511,3357,0,18500,109473,579,18870,557,17834,5373,2608,2589,1761,1580,0,5265,11584,261,17,4421,315,19466,2795,0,95,9834,125,377,460,0,1447,3,75871,8689,60,81,2529,0,17516,614,7792,2178,5349,76154,1,25,51,401,5259,4667,3,1772,1427,18181,15390,21031,36,7030,13502,10389,67024,25377,8229,880,34959,108740,634,2,12,6,160,3,1122,683,37315,3,64,102,89,18352,9585,0,83,60958,7107,5,67365,4471,1437,230,47825,14866,1029,26,256,670,0,165,133,10357,194476,29,3655,70327,8626,190744,0,1588085,93,3769,954,0,2898,16,1,0,6,442,1107
52,1994,3569,3428,10,652,3,5,43370,3883,147,114,15164,13395,69,1451,8435,40,15065,11914,416,38,54,156,4458,4,4167,1011,220666,7,0,6521,1184,48,1,428,36706,144,0,2,23,125,14540,245,85740,65,371,5869,258,9518,1192,177,1969,46817,1107,21392,32,0,6353,3429,6986,847,17,232,4014,1260,3194,5,36,0,1975,89292,368,90,8,12681,141182,850,462,4859,7,9,59,1840,4,138,0,122,228,0,3081,11539,84,152311,48435,48393,7452,7352,1,27627,94511,443,21713,327,10498,7009,1492,1632,1674,1281,0,5898,13122,410,12,3181,263,17882,1782,81,216,11787,151,512,712,0,1360,1,63515,6148,75,144,2739,0,14954,742,5752,3573,4409,80594,1,23,53,500,6377,3499,6,4282,805,14341,10316,19667,19,4762,10433,10097,58310,22545,13317,1061,27135,315367,728,2,18,5,168,2,1210,970,24872,12,51,102,73,16756,9428,0,28,89949,7089,263,60164,3793,493,430,39089,49051,838,27,277,1378,10,160,103,9874,143293,51,2786,59381,8261,289583,0,1306812,83,3829,784,0,2241,28,0,0,9,1227,795
53,902,2866,1777,605,346,2,2,50220,2272,241,192,13188,4782,90,1745,6871,244,11374,8035,340,46,41,93,7818,58,2954,740,249461,4,20,5335,707,24,18,571,49643,197,0,29,2,198,16163,918,72013,133,536,6674,472,7712,1306,166,4317,72374,1236,12885,29,4,5926,4856,9646,2468,31,324,3713,1256,2477,1,38,3,1782,93082,376,95,9,7620,123679,665,700,4168,1,18,57,3215,3,111,0,65,128,0,3266,12182,28,132598,45108,42969,6772,14993,6,38201,107750,317,23611,158,10262,8409,810,1164,1690,853,0,5659,18052,250,0,3594,130,15628,1070,53,467,15722,223,550,656,0,1016,4,59325,4518,104,149,2501,0,11067,999,4459,3099,3678,50699,2,393,55,306,5269,2220,0,3658,1112,15220,9680,20031,19,3699,12150,7921,61937,30588,7836,1582,22000,182103,655,1,48,15,218,10,935,1075,15251,80,113,173,51,20007,10531,0,24,88877,6584,98,79431,3720,0,380,41230,23414,677,22,63,2154,3,126,53,11952,84457,61,2077,43719,12896,325049,0,1488563,51,3517,426,0,2091,56,0,0,7,2050,2117
